stpuma,FIPS_final,Name_final,display_geo,Assignment
1000101,10003c,"New Castle County, DE",10003,Other
1000102,10003c,"New Castle County, DE",10003,Other
1000103,10003c,"New Castle County, DE",10003,Other
1000104,10003c,"New Castle County, DE",10003,Other
0101301,1073c,"Jefferson County, AL",01073,Other
0101302,1073c,"Jefferson County, AL",01073,Other
0101303,1073c,"Jefferson County, AL",01073,Other
0101304,1073c,"Jefferson County, AL",01073,Other
0101305,1073c,"Jefferson County, AL",01073,Other
1100101,11001a,"Washington, DC",1150000,Principal city
1100102,11001a,"Washington, DC",1150000,Principal city
1100103,11001a,"Washington, DC",1150000,Principal city
1100104,11001a,"Washington, DC",1150000,Principal city
1100105,11001a,"Washington, DC",1150000,Principal city
1200901,12009c,"Brevard County, FL",12009,Other
1200902,12009c,"Brevard County, FL",12009,Other
1200903,12009c,"Brevard County, FL",12009,Other
1200904,12009c,"Brevard County, FL",12009,Other
1201101,12011c,"Broward County, FL",12011,Other
1201102,12011c,"Broward County, FL",12011,Other
1201103,12011c,"Broward County, FL",12011,Other
1201104,12011c,"Broward County, FL",12011,Other
1201105,12011c,"Broward County, FL",12011,Other
1201106,12011c,"Broward County, FL",12011,Other
1201107,12011c,"Broward County, FL",12011,Other
1201108,12011c,"Broward County, FL",12011,Other
1201109,12011c,"Broward County, FL",12011,Other
1201110,12011c,"Broward County, FL",12011,Other
1201111,12011c,"Broward County, FL",12011,Other
1201112,12011c,"Broward County, FL",12011,Other
1201113,12011c,"Broward County, FL",12011,Other
1201114,12011c,"Broward County, FL",12011,Other
1203101,12031a,"Jacksonville, FL",1235000,Principal city
1203102,12031a,"Jacksonville, FL",1235000,Principal city
1203103,12031a,"Jacksonville, FL",1235000,Principal city
1203104,12031a,"Jacksonville, FL",1235000,Principal city
1203105,12031a,"Jacksonville, FL",1235000,Principal city
1203106,12031a,"Jacksonville, FL",1235000,Principal city
1203107,12031a,"Jacksonville, FL",1235000,Principal city
1205701,12057c,"Hillsborough County, FL",12057,Other
1205702,12057c,"Hillsborough County, FL",12057,Other
1205703,12057c,"Hillsborough County, FL",12057,Other
1205704,12057c,"Hillsborough County, FL",12057,Other
1205705,12057c,"Hillsborough County, FL",12057,Other
1205706,12057c,"Hillsborough County, FL",12057,Other
1205707,12057c,"Hillsborough County, FL",12057,Other
1205708,12057c,"Hillsborough County, FL",12057,Other
1207101,12071c,"Lee County, FL",12071,Other
1207102,12071c,"Lee County, FL",12071,Other
1207103,12071c,"Lee County, FL",12071,Other
1207104,12071c,"Lee County, FL",12071,Other
1207105,12071c,"Lee County, FL",12071,Other
1208601,12086c,"Miami-Dade County, FL",12086,Other
1208602,12086c,"Miami-Dade County, FL",12086,Other
1208603,12086c,"Miami-Dade County, FL",12086,Other
1208604,12086c,"Miami-Dade County, FL",12086,Other
1208605,12086c,"Miami-Dade County, FL",12086,Other
1208606,12086c,"Miami-Dade County, FL",12086,Other
1208607,12086c,"Miami-Dade County, FL",12086,Other
1208608,12086c,"Miami-Dade County, FL",12086,Other
1208609,12086c,"Miami-Dade County, FL",12086,Other
1208610,12086c,"Miami-Dade County, FL",12086,Other
1208611,12086c,"Miami-Dade County, FL",12086,Other
1208612,12086c,"Miami-Dade County, FL",12086,Other
1208613,12086c,"Miami-Dade County, FL",12086,Other
1208614,12086c,"Miami-Dade County, FL",12086,Other
1208615,12086c,"Miami-Dade County, FL",12086,Other
1208616,12086c,"Miami-Dade County, FL",12086,Other
1208617,12086c,"Miami-Dade County, FL",12086,Other
1208618,12086c,"Miami-Dade County, FL",12086,Other
1208619,12086c,"Miami-Dade County, FL",12086,Other
1208620,12086c,"Miami-Dade County, FL",12086,Other
1208621,12086c,"Miami-Dade County, FL",12086,Other
1208622,12086c,"Miami-Dade County, FL",12086,Other
1208623,12086c,"Miami-Dade County, FL",12086,Other
1208624,12086c,"Miami-Dade County, FL",12086,Other
1209501,12095c,"Orange County, FL",12095,Other
1209502,12095c,"Orange County, FL",12095,Other
1209503,12095c,"Orange County, FL",12095,Other
1209504,12095c,"Orange County, FL",12095,Other
1209505,12095c,"Orange County, FL",12095,Other
1209506,12095c,"Orange County, FL",12095,Other
1209507,12095c,"Orange County, FL",12095,Other
1209508,12095c,"Orange County, FL",12095,Other
1209509,12095c,"Orange County, FL",12095,Other
1209510,12095c,"Orange County, FL",12095,Other
1209901,12099c,"Palm Beach County, FL",12099,Other
1209902,12099c,"Palm Beach County, FL",12099,Other
1209903,12099c,"Palm Beach County, FL",12099,Other
1209904,12099c,"Palm Beach County, FL",12099,Other
1209905,12099c,"Palm Beach County, FL",12099,Other
1209906,12099c,"Palm Beach County, FL",12099,Other
1209907,12099c,"Palm Beach County, FL",12099,Other
1209908,12099c,"Palm Beach County, FL",12099,Other
1209909,12099c,"Palm Beach County, FL",12099,Other
1209910,12099c,"Palm Beach County, FL",12099,Other
1209911,12099c,"Palm Beach County, FL",12099,Other
1210301,12103c,"Pinellas County, FL",12103,Other
1210302,12103c,"Pinellas County, FL",12103,Other
1210303,12103c,"Pinellas County, FL",12103,Other
1210304,12103c,"Pinellas County, FL",12103,Other
1210305,12103c,"Pinellas County, FL",12103,Other
1210306,12103c,"Pinellas County, FL",12103,Other
1210307,12103c,"Pinellas County, FL",12103,Other
1210308,12103c,"Pinellas County, FL",12103,Other
1210501,12105c,"Polk County, FL",12105,Other
1210502,12105c,"Polk County, FL",12105,Other
1210503,12105c,"Polk County, FL",12105,Other
1210504,12105c,"Polk County, FL",12105,Other
1303001,13067c,"Cobb County, GA",13067,Other
1303002,13067c,"Cobb County, GA",13067,Other
1303003,13067c,"Cobb County, GA",13067,Other
1303004,13067c,"Cobb County, GA",13067,Other
1303005,13067c,"Cobb County, GA",13067,Other
1301008,13089c,"DeKalb County, GA",13089,Other
1302001,13089c,"DeKalb County, GA",13089,Other
1302002,13089c,"DeKalb County, GA",13089,Other
1302003,13089c,"DeKalb County, GA",13089,Other
1302004,13089c,"DeKalb County, GA",13089,Other
1301001,13121c,"Fulton County, GA",13121,Other
1301002,13121c,"Fulton County, GA",13121,Other
1301003,13121c,"Fulton County, GA",13121,Other
1301004,13121c,"Fulton County, GA",13121,Other
1301005,13121c,"Fulton County, GA",13121,Other
1301006,13121c,"Fulton County, GA",13121,Other
1301007,13121c,"Fulton County, GA",13121,Other
1304600,13121c,"Fulton County, GA",13121,Other
1304001,13135c,"Gwinnett County, GA",13135,Other
1304002,13135c,"Gwinnett County, GA",13135,Other
1304003,13135c,"Gwinnett County, GA",13135,Other
1304004,13135c,"Gwinnett County, GA",13135,Other
1304005,13135c,"Gwinnett County, GA",13135,Other
1304006,13135c,"Gwinnett County, GA",13135,Other
1500301,15003c,"Honolulu County, HI",15003,Other
1500302,15003c,"Honolulu County, HI",15003,Other
1500303,15003c,"Honolulu County, HI",15003,Other
1500304,15003c,"Honolulu County, HI",15003,Other
1500305,15003c,"Honolulu County, HI",15003,Other
1500306,15003c,"Honolulu County, HI",15003,Other
1500307,15003c,"Honolulu County, HI",15003,Other
1500308,15003c,"Honolulu County, HI",15003,Other
1703501,17031a,"Chicago, IL",1714000,Principal city
1703502,17031a,"Chicago, IL",1714000,Principal city
1703503,17031a,"Chicago, IL",1714000,Principal city
1703504,17031a,"Chicago, IL",1714000,Principal city
1703520,17031a,"Chicago, IL",1714000,Principal city
1703521,17031a,"Chicago, IL",1714000,Principal city
1703522,17031a,"Chicago, IL",1714000,Principal city
1703523,17031a,"Chicago, IL",1714000,Principal city
1703524,17031a,"Chicago, IL",1714000,Principal city
1703525,17031a,"Chicago, IL",1714000,Principal city
1703526,17031a,"Chicago, IL",1714000,Principal city
1703527,17031a,"Chicago, IL",1714000,Principal city
1703528,17031a,"Chicago, IL",1714000,Principal city
1703529,17031a,"Chicago, IL",1714000,Principal city
1703530,17031a,"Chicago, IL",1714000,Principal city
1703531,17031a,"Chicago, IL",1714000,Principal city
1703532,17031a,"Chicago, IL",1714000,Principal city
1703401,17031b,"Cook County (excluding Chicago), IL",17031,County remainder
1703407,17031b,"Cook County (excluding Chicago), IL",17031,County remainder
1703408,17031b,"Cook County (excluding Chicago), IL",17031,County remainder
1703409,17031b,"Cook County (excluding Chicago), IL",17031,County remainder
1703410,17031b,"Cook County (excluding Chicago), IL",17031,County remainder
1703411,17031b,"Cook County (excluding Chicago), IL",17031,County remainder
1703412,17031b,"Cook County (excluding Chicago), IL",17031,County remainder
1703413,17031b,"Cook County (excluding Chicago), IL",17031,County remainder
1703414,17031b,"Cook County (excluding Chicago), IL",17031,County remainder
1703415,17031b,"Cook County (excluding Chicago), IL",17031,County remainder
1703416,17031b,"Cook County (excluding Chicago), IL",17031,County remainder
1703417,17031b,"Cook County (excluding Chicago), IL",17031,County remainder
1703418,17031b,"Cook County (excluding Chicago), IL",17031,County remainder
1703419,17031b,"Cook County (excluding Chicago), IL",17031,County remainder
1703420,17031b,"Cook County (excluding Chicago), IL",17031,County remainder
1703421,17031b,"Cook County (excluding Chicago), IL",17031,County remainder
1703422,17031b,"Cook County (excluding Chicago), IL",17031,County remainder
1703202,17043c,"DuPage County, IL",17043,Other
1703203,17043c,"DuPage County, IL",17043,Other
1703204,17043c,"DuPage County, IL",17043,Other
1703205,17043c,"DuPage County, IL",17043,Other
1703207,17043c,"DuPage County, IL",17043,Other
1703208,17043c,"DuPage County, IL",17043,Other
1703209,17043c,"DuPage County, IL",17043,Other
1703005,17089c,"Kane County, IL",17089,Other
1703007,17089c,"Kane County, IL",17089,Other
1703008,17089c,"Kane County, IL",17089,Other
1703009,17089c,"Kane County, IL",17089,Other
1703306,17097c,"Lake County, IL",17097,Other
1703307,17097c,"Lake County, IL",17097,Other
1703308,17097c,"Lake County, IL",17097,Other
1703309,17097c,"Lake County, IL",17097,Other
1703310,17097c,"Lake County, IL",17097,Other
1703102,17197c,"Will County, IL",17197,Other
1703105,17197c,"Will County, IL",17197,Other
1703106,17197c,"Will County, IL",17197,Other
1703107,17197c,"Will County, IL",17197,Other
1703108,17197c,"Will County, IL",17197,Other
1802301,18097a,"Indianapolis, IN",1836003,Principal city
1802302,18097a,"Indianapolis, IN",1836003,Principal city
1802303,18097a,"Indianapolis, IN",1836003,Principal city
1802304,18097a,"Indianapolis, IN",1836003,Principal city
1802305,18097a,"Indianapolis, IN",1836003,Principal city
1802306,18097a,"Indianapolis, IN",1836003,Principal city
1802307,18097a,"Indianapolis, IN",1836003,Principal city
2000601,20091c,"Johnson County, KS",20091,Other
2000602,20091c,"Johnson County, KS",20091,Other
2000603,20091c,"Johnson County, KS",20091,Other
2000604,20091c,"Johnson County, KS",20091,Other
2101701,21111a,"Louisville/Jefferson County, KY",2148006,Principal city
2101702,21111a,"Louisville/Jefferson County, KY",2148006,Principal city
2101703,21111a,"Louisville/Jefferson County, KY",2148006,Principal city
2101704,21111a,"Louisville/Jefferson County, KY",2148006,Principal city
2101705,21111a,"Louisville/Jefferson County, KY",2148006,Principal city
2101706,21111a,"Louisville/Jefferson County, KY",2148006,Principal city
2401201,24003c,"Anne Arundel County, MD",24003,Other
2401202,24003c,"Anne Arundel County, MD",24003,Other
2401203,24003c,"Anne Arundel County, MD",24003,Other
2401204,24003c,"Anne Arundel County, MD",24003,Other
2400501,24005c,"Baltimore County, MD",24005,Other
2400502,24005c,"Baltimore County, MD",24005,Other
2400503,24005c,"Baltimore County, MD",24005,Other
2400504,24005c,"Baltimore County, MD",24005,Other
2400505,24005c,"Baltimore County, MD",24005,Other
2400506,24005c,"Baltimore County, MD",24005,Other
2400507,24005c,"Baltimore County, MD",24005,Other
2401001,24031c,"Montgomery County, MD",24031,Other
2401002,24031c,"Montgomery County, MD",24031,Other
2401003,24031c,"Montgomery County, MD",24031,Other
2401004,24031c,"Montgomery County, MD",24031,Other
2401005,24031c,"Montgomery County, MD",24031,Other
2401006,24031c,"Montgomery County, MD",24031,Other
2401007,24031c,"Montgomery County, MD",24031,Other
2401101,24033c,"Prince George's County, MD",24033,Other
2401102,24033c,"Prince George's County, MD",24033,Other
2401103,24033c,"Prince George's County, MD",24033,Other
2401104,24033c,"Prince George's County, MD",24033,Other
2401105,24033c,"Prince George's County, MD",24033,Other
2401106,24033c,"Prince George's County, MD",24033,Other
2401107,24033c,"Prince George's County, MD",24033,Other
2400801,24510a,"Baltimore, MD",2404000,Principal city
2400802,24510a,"Baltimore, MD",2404000,Principal city
2400803,24510a,"Baltimore, MD",2404000,Principal city
2400804,24510a,"Baltimore, MD",2404000,Principal city
2400805,24510a,"Baltimore, MD",2404000,Principal city
2504200,25005c,"Bristol County, MA",25005,Other
2504301,25005c,"Bristol County, MA",25005,Other
2504302,25005c,"Bristol County, MA",25005,Other
2504303,25005c,"Bristol County, MA",25005,Other
2504500,25005c,"Bristol County, MA",25005,Other
2500701,25009c,"Essex County, MA",25009,Other
2500702,25009c,"Essex County, MA",25009,Other
2500703,25009c,"Essex County, MA",25009,Other
2500704,25009c,"Essex County, MA",25009,Other
2501000,25009c,"Essex County, MA",25009,Other
2503301,25025a,"Boston, MA",2507000,Principal city
2503302,25025a,"Boston, MA",2507000,Principal city
2503303,25025a,"Boston, MA",2507000,Principal city
2503304,25025a,"Boston, MA",2507000,Principal city
2503305,25025a,"Boston, MA",2507000,Principal city
2500300,25027c,"Worcester County, MA",25027,Other
2500301,25027c,"Worcester County, MA",25027,Other
2500302,25027c,"Worcester County, MA",25027,Other
2500303,25027c,"Worcester County, MA",25027,Other
2500304,25027c,"Worcester County, MA",25027,Other
2500400,25027c,"Worcester County, MA",25027,Other
2601001,26081c,"Kent County, MI",26081,Other
2601002,26081c,"Kent County, MI",26081,Other
2601003,26081c,"Kent County, MI",26081,Other
2601004,26081c,"Kent County, MI",26081,Other
2603001,26099c,"Macomb County, MI",26099,Other
2603002,26099c,"Macomb County, MI",26099,Other
2603003,26099c,"Macomb County, MI",26099,Other
2603004,26099c,"Macomb County, MI",26099,Other
2603005,26099c,"Macomb County, MI",26099,Other
2603006,26099c,"Macomb County, MI",26099,Other
2602901,26125c,"Oakland County, MI",26125,Other
2602902,26125c,"Oakland County, MI",26125,Other
2602903,26125c,"Oakland County, MI",26125,Other
2602904,26125c,"Oakland County, MI",26125,Other
2602905,26125c,"Oakland County, MI",26125,Other
2602906,26125c,"Oakland County, MI",26125,Other
2602907,26125c,"Oakland County, MI",26125,Other
2602908,26125c,"Oakland County, MI",26125,Other
2603208,26163a,"Detroit, MI",2622000,Principal city
2603209,26163a,"Detroit, MI",2622000,Principal city
2603210,26163a,"Detroit, MI",2622000,Principal city
2603211,26163a,"Detroit, MI",2622000,Principal city
2603212,26163a,"Detroit, MI",2622000,Principal city
2603201,26163b,"Wayne County (excluding Detroit), MI",26163,County remainder
2603202,26163b,"Wayne County (excluding Detroit), MI",26163,County remainder
2603203,26163b,"Wayne County (excluding Detroit), MI",26163,County remainder
2603204,26163b,"Wayne County (excluding Detroit), MI",26163,County remainder
2603205,26163b,"Wayne County (excluding Detroit), MI",26163,County remainder
2603206,26163b,"Wayne County (excluding Detroit), MI",26163,County remainder
2603207,26163b,"Wayne County (excluding Detroit), MI",26163,County remainder
2603213,26163b,"Wayne County (excluding Detroit), MI",26163,County remainder
2701401,27053c,"Hennepin County, MN",27053,Other
2701402,27053c,"Hennepin County, MN",27053,Other
2701403,27053c,"Hennepin County, MN",27053,Other
2701404,27053c,"Hennepin County, MN",27053,Other
2701405,27053c,"Hennepin County, MN",27053,Other
2701406,27053c,"Hennepin County, MN",27053,Other
2701407,27053c,"Hennepin County, MN",27053,Other
2701408,27053c,"Hennepin County, MN",27053,Other
2701409,27053c,"Hennepin County, MN",27053,Other
2701410,27053c,"Hennepin County, MN",27053,Other
2701301,27123c,"Ramsey County, MN",27123,Other
2701302,27123c,"Ramsey County, MN",27123,Other
2701303,27123c,"Ramsey County, MN",27123,Other
2701304,27123c,"Ramsey County, MN",27123,Other
2901001,29095c,"Jackson County, MO",29095,Other
2901002,29095c,"Jackson County, MO",29095,Other
2901003,29095c,"Jackson County, MO",29095,Other
2901004,29095c,"Jackson County, MO",29095,Other
2901005,29095c,"Jackson County, MO",29095,Other
2901801,29189c,"St. Louis County, MO",29189,Other
2901802,29189c,"St. Louis County, MO",29189,Other
2901803,29189c,"St. Louis County, MO",29189,Other
2901804,29189c,"St. Louis County, MO",29189,Other
2901805,29189c,"St. Louis County, MO",29189,Other
2901806,29189c,"St. Louis County, MO",29189,Other
2901807,29189c,"St. Louis County, MO",29189,Other
2901808,29189c,"St. Louis County, MO",29189,Other
3100901,31055c,"Douglas County, NE",31055,Other
3100902,31055c,"Douglas County, NE",31055,Other
3100903,31055c,"Douglas County, NE",31055,Other
3100904,31055c,"Douglas County, NE",31055,Other
3200401,32003a,"Las Vegas, NV",3240000,Principal city
3200402,32003a,"Las Vegas, NV",3240000,Principal city
3200405,32003a,"Las Vegas, NV",3240000,Principal city
3200406,32003a,"Las Vegas, NV",3240000,Principal city
3200407,32003a,"Las Vegas, NV",3240000,Principal city
3200403,32003b,"Clark County (excluding Las Vegas), NV",32003,County remainder
3200404,32003b,"Clark County (excluding Las Vegas), NV",32003,County remainder
3200408,32003b,"Clark County (excluding Las Vegas), NV",32003,County remainder
3200409,32003b,"Clark County (excluding Las Vegas), NV",32003,County remainder
3200410,32003b,"Clark County (excluding Las Vegas), NV",32003,County remainder
3200411,32003b,"Clark County (excluding Las Vegas), NV",32003,County remainder
3200412,32003b,"Clark County (excluding Las Vegas), NV",32003,County remainder
3200413,32003b,"Clark County (excluding Las Vegas), NV",32003,County remainder
3400301,34003c,"Bergen County, NJ",34003,Other
3400302,34003c,"Bergen County, NJ",34003,Other
3400303,34003c,"Bergen County, NJ",34003,Other
3400304,34003c,"Bergen County, NJ",34003,Other
3400305,34003c,"Bergen County, NJ",34003,Other
3400306,34003c,"Bergen County, NJ",34003,Other
3400307,34003c,"Bergen County, NJ",34003,Other
3400308,34003c,"Bergen County, NJ",34003,Other
3402101,34007c,"Camden County, NJ",34007,Other
3402102,34007c,"Camden County, NJ",34007,Other
3402103,34007c,"Camden County, NJ",34007,Other
3402104,34007c,"Camden County, NJ",34007,Other
3401301,34013c,"Essex County, NJ",34013,Other
3401302,34013c,"Essex County, NJ",34013,Other
3401401,34013c,"Essex County, NJ",34013,Other
3401402,34013c,"Essex County, NJ",34013,Other
3401403,34013c,"Essex County, NJ",34013,Other
3401404,34013c,"Essex County, NJ",34013,Other
3400601,34017c,"Hudson County, NJ",34017,Other
3400602,34017c,"Hudson County, NJ",34017,Other
3400701,34017c,"Hudson County, NJ",34017,Other
3400702,34017c,"Hudson County, NJ",34017,Other
3400703,34017c,"Hudson County, NJ",34017,Other
3400901,34023c,"Middlesex County, NJ",34023,Other
3400902,34023c,"Middlesex County, NJ",34023,Other
3400903,34023c,"Middlesex County, NJ",34023,Other
3400904,34023c,"Middlesex County, NJ",34023,Other
3400905,34023c,"Middlesex County, NJ",34023,Other
3400906,34023c,"Middlesex County, NJ",34023,Other
3400907,34023c,"Middlesex County, NJ",34023,Other
3401101,34025c,"Monmouth County, NJ",34025,Other
3401102,34025c,"Monmouth County, NJ",34025,Other
3401103,34025c,"Monmouth County, NJ",34025,Other
3401104,34025c,"Monmouth County, NJ",34025,Other
3401105,34025c,"Monmouth County, NJ",34025,Other
3401106,34025c,"Monmouth County, NJ",34025,Other
3401201,34029c,"Ocean County, NJ",34029,Other
3401202,34029c,"Ocean County, NJ",34029,Other
3401203,34029c,"Ocean County, NJ",34029,Other
3401204,34029c,"Ocean County, NJ",34029,Other
3401205,34029c,"Ocean County, NJ",34029,Other
3400400,34031c,"Passaic County, NJ",34031,Other
3400501,34031c,"Passaic County, NJ",34031,Other
3400502,34031c,"Passaic County, NJ",34031,Other
3400503,34031c,"Passaic County, NJ",34031,Other
3401800,34039c,"Union County, NJ",34039,Other
3401901,34039c,"Union County, NJ",34039,Other
3401902,34039c,"Union County, NJ",34039,Other
3401903,34039c,"Union County, NJ",34039,Other
3401904,34039c,"Union County, NJ",34039,Other
3500801,35001a,"Albuquerque, NM",3502000,Principal city
3500802,35001a,"Albuquerque, NM",3502000,Principal city
3500803,35001a,"Albuquerque, NM",3502000,Principal city
3500804,35001a,"Albuquerque, NM",3502000,Principal city
3500805,35001a,"Albuquerque, NM",3502000,Principal city
3500806,35001a,"Albuquerque, NM",3502000,Principal city
3603701,36005a,"The Bronx, New York City",36005,Principal city
3603702,36005a,"The Bronx, New York City",36005,Principal city
3603703,36005a,"The Bronx, New York City",36005,Principal city
3603704,36005a,"The Bronx, New York City",36005,Principal city
3603705,36005a,"The Bronx, New York City",36005,Principal city
3603706,36005a,"The Bronx, New York City",36005,Principal city
3603707,36005a,"The Bronx, New York City",36005,Principal city
3603708,36005a,"The Bronx, New York City",36005,Principal city
3603709,36005a,"The Bronx, New York City",36005,Principal city
3603710,36005a,"The Bronx, New York City",36005,Principal city
3601201,36029c,"Erie County, NY",36029,Other
3601202,36029c,"Erie County, NY",36029,Other
3601203,36029c,"Erie County, NY",36029,Other
3601204,36029c,"Erie County, NY",36029,Other
3601205,36029c,"Erie County, NY",36029,Other
3601206,36029c,"Erie County, NY",36029,Other
3601207,36029c,"Erie County, NY",36029,Other
3604001,36047a,"Brooklyn, New York City",36047,Principal city
3604002,36047a,"Brooklyn, New York City",36047,Principal city
3604003,36047a,"Brooklyn, New York City",36047,Principal city
3604004,36047a,"Brooklyn, New York City",36047,Principal city
3604005,36047a,"Brooklyn, New York City",36047,Principal city
3604006,36047a,"Brooklyn, New York City",36047,Principal city
3604007,36047a,"Brooklyn, New York City",36047,Principal city
3604008,36047a,"Brooklyn, New York City",36047,Principal city
3604009,36047a,"Brooklyn, New York City",36047,Principal city
3604010,36047a,"Brooklyn, New York City",36047,Principal city
3604011,36047a,"Brooklyn, New York City",36047,Principal city
3604012,36047a,"Brooklyn, New York City",36047,Principal city
3604013,36047a,"Brooklyn, New York City",36047,Principal city
3604014,36047a,"Brooklyn, New York City",36047,Principal city
3604015,36047a,"Brooklyn, New York City",36047,Principal city
3604016,36047a,"Brooklyn, New York City",36047,Principal city
3604017,36047a,"Brooklyn, New York City",36047,Principal city
3604018,36047a,"Brooklyn, New York City",36047,Principal city
3600901,36055c,"Monroe County, NY",36055,Other
3600902,36055c,"Monroe County, NY",36055,Other
3600903,36055c,"Monroe County, NY",36055,Other
3600904,36055c,"Monroe County, NY",36055,Other
3600905,36055c,"Monroe County, NY",36055,Other
3600906,36055c,"Monroe County, NY",36055,Other
3603201,36059c,"Nassau County, NY",36059,Other
3603202,36059c,"Nassau County, NY",36059,Other
3603203,36059c,"Nassau County, NY",36059,Other
3603204,36059c,"Nassau County, NY",36059,Other
3603205,36059c,"Nassau County, NY",36059,Other
3603206,36059c,"Nassau County, NY",36059,Other
3603207,36059c,"Nassau County, NY",36059,Other
3603208,36059c,"Nassau County, NY",36059,Other
3603209,36059c,"Nassau County, NY",36059,Other
3603210,36059c,"Nassau County, NY",36059,Other
3603211,36059c,"Nassau County, NY",36059,Other
3603212,36059c,"Nassau County, NY",36059,Other
3603801,36061a,"Manhattan, New York city",36061,Principal city
3603802,36061a,"Manhattan, New York city",36061,Principal city
3603803,36061a,"Manhattan, New York city",36061,Principal city
3603804,36061a,"Manhattan, New York city",36061,Principal city
3603805,36061a,"Manhattan, New York city",36061,Principal city
3603806,36061a,"Manhattan, New York city",36061,Principal city
3603807,36061a,"Manhattan, New York city",36061,Principal city
3603808,36061a,"Manhattan, New York city",36061,Principal city
3603809,36061a,"Manhattan, New York city",36061,Principal city
3603810,36061a,"Manhattan, New York city",36061,Principal city
3603901,36081a,"Queens and Staten Island, New York City",36081,Principal city
3603902,36081a,"Queens and Staten Island, New York City",36081,Principal city
3603903,36081a,"Queens and Staten Island, New York City",36081,Principal city
3604101,36081a,"Queens and Staten Island, New York City",36081,Principal city
3604102,36081a,"Queens and Staten Island, New York City",36081,Principal city
3604103,36081a,"Queens and Staten Island, New York City",36081,Principal city
3604104,36081a,"Queens and Staten Island, New York City",36081,Principal city
3604105,36081a,"Queens and Staten Island, New York City",36081,Principal city
3604106,36081a,"Queens and Staten Island, New York City",36081,Principal city
3604107,36081a,"Queens and Staten Island, New York City",36081,Principal city
3604108,36081a,"Queens and Staten Island, New York City",36081,Principal city
3604109,36081a,"Queens and Staten Island, New York City",36081,Principal city
3604110,36081a,"Queens and Staten Island, New York City",36081,Principal city
3604111,36081a,"Queens and Staten Island, New York City",36081,Principal city
3604112,36081a,"Queens and Staten Island, New York City",36081,Principal city
3604113,36081a,"Queens and Staten Island, New York City",36081,Principal city
3604114,36081a,"Queens and Staten Island, New York City",36081,Principal city
3603301,36103c,"Suffolk County, NY",36103,Other
3603302,36103c,"Suffolk County, NY",36103,Other
3603303,36103c,"Suffolk County, NY",36103,Other
3603304,36103c,"Suffolk County, NY",36103,Other
3603305,36103c,"Suffolk County, NY",36103,Other
3603306,36103c,"Suffolk County, NY",36103,Other
3603307,36103c,"Suffolk County, NY",36103,Other
3603308,36103c,"Suffolk County, NY",36103,Other
3603309,36103c,"Suffolk County, NY",36103,Other
3603310,36103c,"Suffolk County, NY",36103,Other
3603311,36103c,"Suffolk County, NY",36103,Other
3603312,36103c,"Suffolk County, NY",36103,Other
3603313,36103c,"Suffolk County, NY",36103,Other
3603102,36119c,"Westchester County, NY",36119,Other
3603103,36119c,"Westchester County, NY",36119,Other
3603104,36119c,"Westchester County, NY",36119,Other
3603105,36119c,"Westchester County, NY",36119,Other
3603106,36119c,"Westchester County, NY",36119,Other
3603107,36119c,"Westchester County, NY",36119,Other
3703101,37119c,"Mecklenburg County, NC",37119,Principal city
3703102,37119c,"Mecklenburg County, NC",37119,Principal city
3703103,37119c,"Mecklenburg County, NC",37119,Principal city
3703104,37119c,"Mecklenburg County, NC",37119,Principal city
3703105,37119c,"Mecklenburg County, NC",37119,Principal city
3703106,37119c,"Mecklenburg County, NC",37119,County remainder
3703107,37119c,"Mecklenburg County, NC",37119,Principal city
3703108,37119c,"Mecklenburg County, NC",37119,Principal city
3701201,37183c,"Wake County, NC",37183,Other
3701202,37183c,"Wake County, NC",37183,Other
3701203,37183c,"Wake County, NC",37183,Other
3701204,37183c,"Wake County, NC",37183,Other
3701205,37183c,"Wake County, NC",37183,Other
3701206,37183c,"Wake County, NC",37183,Other
3701207,37183c,"Wake County, NC",37183,Other
3701208,37183c,"Wake County, NC",37183,Other
3900901,39035c,"Cuyahoga County, OH",39035,Other
3900902,39035c,"Cuyahoga County, OH",39035,Other
3900903,39035c,"Cuyahoga County, OH",39035,Other
3900904,39035c,"Cuyahoga County, OH",39035,Other
3900905,39035c,"Cuyahoga County, OH",39035,Other
3900906,39035c,"Cuyahoga County, OH",39035,Other
3900907,39035c,"Cuyahoga County, OH",39035,Other
3900908,39035c,"Cuyahoga County, OH",39035,Other
3900909,39035c,"Cuyahoga County, OH",39035,Other
3900910,39035c,"Cuyahoga County, OH",39035,Other
3904101,39049c,"Franklin County, OH",39049,County remainder
3904102,39049c,"Franklin County, OH",39049,Principal city
3904103,39049c,"Franklin County, OH",39049,County remainder
3904104,39049c,"Franklin County, OH",39049,Principal city
3904105,39049c,"Franklin County, OH",39049,Principal city
3904106,39049c,"Franklin County, OH",39049,Principal city
3904107,39049c,"Franklin County, OH",39049,Principal city
3904108,39049c,"Franklin County, OH",39049,Principal city
3904109,39049c,"Franklin County, OH",39049,County remainder
3904110,39049c,"Franklin County, OH",39049,Principal city
3904111,39049c,"Franklin County, OH",39049,Principal city
3905501,39061c,"Hamilton County, OH",39061,Other
3905502,39061c,"Hamilton County, OH",39061,Other
3905503,39061c,"Hamilton County, OH",39061,Other
3905504,39061c,"Hamilton County, OH",39061,Other
3905505,39061c,"Hamilton County, OH",39061,Other
3905506,39061c,"Hamilton County, OH",39061,Other
3905507,39061c,"Hamilton County, OH",39061,Other
3904601,39113c,"Montgomery County, OH",39113,Other
3904602,39113c,"Montgomery County, OH",39113,Other
3904603,39113c,"Montgomery County, OH",39113,Other
3904604,39113c,"Montgomery County, OH",39113,Other
3901801,39153c,"Summit County, OH",39153,Other
3901802,39153c,"Summit County, OH",39153,Other
3901803,39153c,"Summit County, OH",39153,Other
3901804,39153c,"Summit County, OH",39153,Other
3901805,39153c,"Summit County, OH",39153,Other
4001001,40109c,"Oklahoma County, OK",40109,Principal city
4001002,40109c,"Oklahoma County, OK",40109,Principal city
4001003,40109c,"Oklahoma County, OK",40109,County remainder
4001004,40109c,"Oklahoma County, OK",40109,County remainder
4001005,40109c,"Oklahoma County, OK",40109,Principal city
4001006,40109c,"Oklahoma County, OK",40109,Principal city
0400113,4013a,"Phoenix, AZ",0455000,Principal city
0400114,4013a,"Phoenix, AZ",0455000,Principal city
0400115,4013a,"Phoenix, AZ",0455000,Principal city
0400116,4013a,"Phoenix, AZ",0455000,Principal city
0400117,4013a,"Phoenix, AZ",0455000,Principal city
0400118,4013a,"Phoenix, AZ",0455000,Principal city
0400119,4013a,"Phoenix, AZ",0455000,Principal city
0400120,4013a,"Phoenix, AZ",0455000,Principal city
0400121,4013a,"Phoenix, AZ",0455000,Principal city
0400122,4013a,"Phoenix, AZ",0455000,Principal city
0400123,4013a,"Phoenix, AZ",0455000,Principal city
0400125,4013a,"Phoenix, AZ",0455000,Principal city
0400128,4013a,"Phoenix, AZ",0455000,Principal city
0400100,4013b,"Maricopa County (excluding Phoenix), AZ",04013,County remainder
0400101,4013b,"Maricopa County (excluding Phoenix), AZ",04013,County remainder
0400102,4013b,"Maricopa County (excluding Phoenix), AZ",04013,County remainder
0400103,4013b,"Maricopa County (excluding Phoenix), AZ",04013,County remainder
0400104,4013b,"Maricopa County (excluding Phoenix), AZ",04013,County remainder
0400105,4013b,"Maricopa County (excluding Phoenix), AZ",04013,County remainder
0400106,4013b,"Maricopa County (excluding Phoenix), AZ",04013,County remainder
0400107,4013b,"Maricopa County (excluding Phoenix), AZ",04013,County remainder
0400108,4013b,"Maricopa County (excluding Phoenix), AZ",04013,County remainder
0400109,4013b,"Maricopa County (excluding Phoenix), AZ",04013,County remainder
0400110,4013b,"Maricopa County (excluding Phoenix), AZ",04013,County remainder
0400111,4013b,"Maricopa County (excluding Phoenix), AZ",04013,County remainder
0400112,4013b,"Maricopa County (excluding Phoenix), AZ",04013,County remainder
0400124,4013b,"Maricopa County (excluding Phoenix), AZ",04013,County remainder
0400126,4013b,"Maricopa County (excluding Phoenix), AZ",04013,County remainder
0400127,4013b,"Maricopa County (excluding Phoenix), AZ",04013,County remainder
0400129,4013b,"Maricopa County (excluding Phoenix), AZ",04013,County remainder
0400130,4013b,"Maricopa County (excluding Phoenix), AZ",04013,County remainder
0400131,4013b,"Maricopa County (excluding Phoenix), AZ",04013,County remainder
0400132,4013b,"Maricopa County (excluding Phoenix), AZ",04013,County remainder
0400133,4013b,"Maricopa County (excluding Phoenix), AZ",04013,County remainder
0400134,4013b,"Maricopa County (excluding Phoenix), AZ",04013,County remainder
4001201,40143c,"Tulsa County, OK",40143,Other
4001202,40143c,"Tulsa County, OK",40143,Other
4001203,40143c,"Tulsa County, OK",40143,Other
4001204,40143c,"Tulsa County, OK",40143,Other
0400201,4019c,"Pima County, AZ",04019,County remainder
0400202,4019c,"Pima County, AZ",04019,County remainder
0400203,4019c,"Pima County, AZ",04019,County remainder
0400204,4019c,"Pima County, AZ",04019,County remainder
0400205,4019c,"Pima County, AZ",04019,County remainder
0400206,4019c,"Pima County, AZ",04019,Principal city
0400207,4019c,"Pima County, AZ",04019,Principal city
0400208,4019c,"Pima County, AZ",04019,Principal city
0400209,4019c,"Pima County, AZ",04019,Principal city
4101301,41051a,"Portland, OR",4159000,Principal city
4101302,41051a,"Portland, OR",4159000,Principal city
4101303,41051a,"Portland, OR",4159000,Principal city
4101305,41051a,"Portland, OR",4159000,Principal city
4101314,41051a,"Portland, OR",4159000,Principal city
4101320,41067c,"Washington County, OR",41067,Other
4101321,41067c,"Washington County, OR",41067,Other
4101322,41067c,"Washington County, OR",41067,Other
4101323,41067c,"Washington County, OR",41067,Other
4101324,41067c,"Washington County, OR",41067,Other
4201701,42003c,"Allegheny County, PA",42003,Other
4201702,42003c,"Allegheny County, PA",42003,Other
4201801,42003c,"Allegheny County, PA",42003,Other
4201802,42003c,"Allegheny County, PA",42003,Other
4201803,42003c,"Allegheny County, PA",42003,Other
4201804,42003c,"Allegheny County, PA",42003,Other
4201805,42003c,"Allegheny County, PA",42003,Other
4201806,42003c,"Allegheny County, PA",42003,Other
4201807,42003c,"Allegheny County, PA",42003,Other
4203001,42017c,"Bucks County, PA",42017,Other
4203002,42017c,"Bucks County, PA",42017,Other
4203003,42017c,"Bucks County, PA",42017,Other
4203004,42017c,"Bucks County, PA",42017,Other
4203301,42045c,"Delaware County, PA",42045,Other
4203302,42045c,"Delaware County, PA",42045,Other
4203303,42045c,"Delaware County, PA",42045,Other
4203304,42045c,"Delaware County, PA",42045,Other
4203501,42071c,"Lancaster County, PA",42071,Other
4203502,42071c,"Lancaster County, PA",42071,Other
4203503,42071c,"Lancaster County, PA",42071,Other
4203504,42071c,"Lancaster County, PA",42071,Other
4203101,42091c,"Montgomery County, PA",42091,Other
4203102,42091c,"Montgomery County, PA",42091,Other
4203103,42091c,"Montgomery County, PA",42091,Other
4203104,42091c,"Montgomery County, PA",42091,Other
4203105,42091c,"Montgomery County, PA",42091,Other
4203106,42091c,"Montgomery County, PA",42091,Other
4203201,42101a,"Philadelphia, PA",4260000,Principal city
4203202,42101a,"Philadelphia, PA",4260000,Principal city
4203203,42101a,"Philadelphia, PA",4260000,Principal city
4203204,42101a,"Philadelphia, PA",4260000,Principal city
4203205,42101a,"Philadelphia, PA",4260000,Principal city
4203206,42101a,"Philadelphia, PA",4260000,Principal city
4203207,42101a,"Philadelphia, PA",4260000,Principal city
4203208,42101a,"Philadelphia, PA",4260000,Principal city
4203209,42101a,"Philadelphia, PA",4260000,Principal city
4203210,42101a,"Philadelphia, PA",4260000,Principal city
4203211,42101a,"Philadelphia, PA",4260000,Principal city
4400101,44007c,"Providence County, RI",44007,Other
4400102,44007c,"Providence County, RI",44007,Other
4400103,44007c,"Providence County, RI",44007,Other
4400104,44007c,"Providence County, RI",44007,Other
4702501,47037a,"Nashville-Davidson, TN",4752006,Principal city
4702502,47037a,"Nashville-Davidson, TN",4752006,Principal city
4702503,47037a,"Nashville-Davidson, TN",4752006,Principal city
4702504,47037a,"Nashville-Davidson, TN",4752006,Principal city
4702505,47037a,"Nashville-Davidson, TN",4752006,Principal city
4703201,47157c,"Shelby County, TN",47157,Principal city
4703202,47157c,"Shelby County, TN",47157,Principal city
4703203,47157c,"Shelby County, TN",47157,Principal city
4703204,47157c,"Shelby County, TN",47157,County remainder
4703205,47157c,"Shelby County, TN",47157,Principal city
4703206,47157c,"Shelby County, TN",47157,County remainder
4703207,47157c,"Shelby County, TN",47157,Principal city
4703208,47157c,"Shelby County, TN",47157,Principal city
4805901,48029c,"Bexar County, TX",48029,Principal city
4805902,48029c,"Bexar County, TX",48029,Principal city
4805903,48029c,"Bexar County, TX",48029,Principal city
4805904,48029c,"Bexar County, TX",48029,Principal city
4805905,48029c,"Bexar County, TX",48029,Principal city
4805906,48029c,"Bexar County, TX",48029,Principal city
4805907,48029c,"Bexar County, TX",48029,County remainder
4805908,48029c,"Bexar County, TX",48029,Principal city
4805909,48029c,"Bexar County, TX",48029,Principal city
4805910,48029c,"Bexar County, TX",48029,Principal city
4805911,48029c,"Bexar County, TX",48029,Principal city
4805912,48029c,"Bexar County, TX",48029,Principal city
4805913,48029c,"Bexar County, TX",48029,Principal city
4805914,48029c,"Bexar County, TX",48029,County remainder
4805915,48029c,"Bexar County, TX",48029,Principal city
4805916,48029c,"Bexar County, TX",48029,County remainder
4801901,48085c,"Collin County, TX",48085,Other
4801902,48085c,"Collin County, TX",48085,Other
4801903,48085c,"Collin County, TX",48085,Other
4801904,48085c,"Collin County, TX",48085,Other
4801905,48085c,"Collin County, TX",48085,Other
4801906,48085c,"Collin County, TX",48085,Other
4801907,48085c,"Collin County, TX",48085,Other
4802301,48113c,"Dallas County, TX",48113,County remainder
4802302,48113c,"Dallas County, TX",48113,County remainder
4802303,48113c,"Dallas County, TX",48113,County remainder
4802304,48113c,"Dallas County, TX",48113,Principal city
4802305,48113c,"Dallas County, TX",48113,Principal city
4802306,48113c,"Dallas County, TX",48113,Principal city
4802307,48113c,"Dallas County, TX",48113,Principal city
4802308,48113c,"Dallas County, TX",48113,County remainder
4802309,48113c,"Dallas County, TX",48113,County remainder
4802310,48113c,"Dallas County, TX",48113,County remainder
4802311,48113c,"Dallas County, TX",48113,Principal city
4802312,48113c,"Dallas County, TX",48113,Principal city
4802313,48113c,"Dallas County, TX",48113,Principal city
4802314,48113c,"Dallas County, TX",48113,Principal city
4802315,48113c,"Dallas County, TX",48113,Principal city
4802316,48113c,"Dallas County, TX",48113,Principal city
4802317,48113c,"Dallas County, TX",48113,County remainder
4802318,48113c,"Dallas County, TX",48113,County remainder
4802319,48113c,"Dallas County, TX",48113,County remainder
4802320,48113c,"Dallas County, TX",48113,County remainder
4802321,48113c,"Dallas County, TX",48113,County remainder
4802322,48113c,"Dallas County, TX",48113,County remainder
4802001,48121c,"Denton County, TX",48121,Other
4802002,48121c,"Denton County, TX",48121,Other
4802003,48121c,"Denton County, TX",48121,Other
4802004,48121c,"Denton County, TX",48121,Other
4802005,48121c,"Denton County, TX",48121,Other
4802006,48121c,"Denton County, TX",48121,Other
4803302,48141a,"El Paso, TX",4824000,Principal city
4803303,48141a,"El Paso, TX",4824000,Principal city
4803304,48141a,"El Paso, TX",4824000,Principal city
4803305,48141a,"El Paso, TX",4824000,Principal city
4803306,48141a,"El Paso, TX",4824000,Principal city
4804901,48157c,"Fort Bend County, TX",48157,Other
4804902,48157c,"Fort Bend County, TX",48157,Other
4804903,48157c,"Fort Bend County, TX",48157,Other
4804904,48157c,"Fort Bend County, TX",48157,Other
4804905,48157c,"Fort Bend County, TX",48157,Other
4804601,48201c,"Harris County, TX",48201,Principal city
4804602,48201c,"Harris County, TX",48201,Principal city
4804603,48201c,"Harris County, TX",48201,Principal city
4804604,48201c,"Harris County, TX",48201,Principal city
4804605,48201c,"Harris County, TX",48201,County remainder
4804606,48201c,"Harris County, TX",48201,County remainder
4804607,48201c,"Harris County, TX",48201,Principal city
4804608,48201c,"Harris County, TX",48201,County remainder
4804609,48201c,"Harris County, TX",48201,Principal city
4804610,48201c,"Harris County, TX",48201,County remainder
4804611,48201c,"Harris County, TX",48201,Principal city
4804612,48201c,"Harris County, TX",48201,Principal city
4804613,48201c,"Harris County, TX",48201,Principal city
4804614,48201c,"Harris County, TX",48201,Principal city
4804615,48201c,"Harris County, TX",48201,Principal city
4804616,48201c,"Harris County, TX",48201,Principal city
4804617,48201c,"Harris County, TX",48201,Principal city
4804618,48201c,"Harris County, TX",48201,Principal city
4804619,48201c,"Harris County, TX",48201,Principal city
4804620,48201c,"Harris County, TX",48201,County remainder
4804621,48201c,"Harris County, TX",48201,County remainder
4804622,48201c,"Harris County, TX",48201,County remainder
4804623,48201c,"Harris County, TX",48201,County remainder
4804624,48201c,"Harris County, TX",48201,Principal city
4804625,48201c,"Harris County, TX",48201,County remainder
4804626,48201c,"Harris County, TX",48201,County remainder
4804627,48201c,"Harris County, TX",48201,County remainder
4804628,48201c,"Harris County, TX",48201,County remainder
4804629,48201c,"Harris County, TX",48201,County remainder
4804630,48201c,"Harris County, TX",48201,County remainder
4804631,48201c,"Harris County, TX",48201,County remainder
4804632,48201c,"Harris County, TX",48201,County remainder
4804633,48201c,"Harris County, TX",48201,County remainder
4804634,48201c,"Harris County, TX",48201,County remainder
4804635,48201c,"Harris County, TX",48201,County remainder
4804636,48201c,"Harris County, TX",48201,Principal city
4804637,48201c,"Harris County, TX",48201,Principal city
4804638,48201c,"Harris County, TX",48201,Principal city
4806801,48215c,"Hidalgo County, TX",48215,Other
4806802,48215c,"Hidalgo County, TX",48215,Other
4806803,48215c,"Hidalgo County, TX",48215,Other
4806804,48215c,"Hidalgo County, TX",48215,Other
4806805,48215c,"Hidalgo County, TX",48215,Other
4806806,48215c,"Hidalgo County, TX",48215,Other
4806807,48215c,"Hidalgo County, TX",48215,Other
4802501,48439c,"Tarrant County, TX",48439,County remainder
4802502,48439c,"Tarrant County, TX",48439,County remainder
4802503,48439c,"Tarrant County, TX",48439,County remainder
4802504,48439c,"Tarrant County, TX",48439,County remainder
4802505,48439c,"Tarrant County, TX",48439,County remainder
4802506,48439c,"Tarrant County, TX",48439,County remainder
4802507,48439c,"Tarrant County, TX",48439,County remainder
4802508,48439c,"Tarrant County, TX",48439,Principal city
4802509,48439c,"Tarrant County, TX",48439,County remainder
4802510,48439c,"Tarrant County, TX",48439,County remainder
4802511,48439c,"Tarrant County, TX",48439,Principal city
4802512,48439c,"Tarrant County, TX",48439,Principal city
4802513,48439c,"Tarrant County, TX",48439,Principal city
4802514,48439c,"Tarrant County, TX",48439,Principal city
4802515,48439c,"Tarrant County, TX",48439,Principal city
4802516,48439c,"Tarrant County, TX",48439,Principal city
4805301,48453c,"Travis County, TX",48453,County remainder
4805302,48453c,"Travis County, TX",48453,Principal city
4805303,48453c,"Travis County, TX",48453,Principal city
4805304,48453c,"Travis County, TX",48453,Principal city
4805305,48453c,"Travis County, TX",48453,Principal city
4805306,48453c,"Travis County, TX",48453,Principal city
4805307,48453c,"Travis County, TX",48453,Principal city
4805308,48453c,"Travis County, TX",48453,Principal city
4805309,48453c,"Travis County, TX",48453,County remainder
4935001,49035c,"Salt Lake County, UT",49035,Other
4935002,49035c,"Salt Lake County, UT",49035,Other
4935003,49035c,"Salt Lake County, UT",49035,Other
4935004,49035c,"Salt Lake County, UT",49035,Other
4935005,49035c,"Salt Lake County, UT",49035,Other
4935006,49035c,"Salt Lake County, UT",49035,Other
4935007,49035c,"Salt Lake County, UT",49035,Other
4935008,49035c,"Salt Lake County, UT",49035,Other
4935009,49035c,"Salt Lake County, UT",49035,Other
4949001,49049c,"Utah County, UT",49049,Other
4949002,49049c,"Utah County, UT",49049,Other
4949003,49049c,"Utah County, UT",49049,Other
4949004,49049c,"Utah County, UT",49049,Other
5159301,51059c,"Fairfax County, VA",51059,Other
5159302,51059c,"Fairfax County, VA",51059,Other
5159303,51059c,"Fairfax County, VA",51059,Other
5159304,51059c,"Fairfax County, VA",51059,Other
5159305,51059c,"Fairfax County, VA",51059,Other
5159306,51059c,"Fairfax County, VA",51059,Other
5159307,51059c,"Fairfax County, VA",51059,Other
5159308,51059c,"Fairfax County, VA",51059,Other
5159309,51059c,"Fairfax County, VA",51059,Other
5311601,53033a,"Seattle, WA",5363000,Principal city
5311602,53033a,"Seattle, WA",5363000,Principal city
5311603,53033a,"Seattle, WA",5363000,Principal city
5311604,53033a,"Seattle, WA",5363000,Principal city
5311605,53033a,"Seattle, WA",5363000,Principal city
5311606,53033b,"King County (excluding Seattle), WA",53033,County remainder
5311607,53033b,"King County (excluding Seattle), WA",53033,County remainder
5311608,53033b,"King County (excluding Seattle), WA",53033,County remainder
5311609,53033b,"King County (excluding Seattle), WA",53033,County remainder
5311610,53033b,"King County (excluding Seattle), WA",53033,County remainder
5311611,53033b,"King County (excluding Seattle), WA",53033,County remainder
5311612,53033b,"King County (excluding Seattle), WA",53033,County remainder
5311613,53033b,"King County (excluding Seattle), WA",53033,County remainder
5311614,53033b,"King County (excluding Seattle), WA",53033,County remainder
5311615,53033b,"King County (excluding Seattle), WA",53033,County remainder
5311616,53033b,"King County (excluding Seattle), WA",53033,County remainder
5311501,53053c,"Pierce County, WA",53053,Other
5311502,53053c,"Pierce County, WA",53053,Other
5311503,53053c,"Pierce County, WA",53053,Other
5311504,53053c,"Pierce County, WA",53053,Other
5311505,53053c,"Pierce County, WA",53053,Other
5311506,53053c,"Pierce County, WA",53053,Other
5311507,53053c,"Pierce County, WA",53053,Other
5311701,53061c,"Snohomish County, WA",53061,Other
5311702,53061c,"Snohomish County, WA",53061,Other
5311703,53061c,"Snohomish County, WA",53061,Other
5311704,53061c,"Snohomish County, WA",53061,Other
5311705,53061c,"Snohomish County, WA",53061,Other
5311706,53061c,"Snohomish County, WA",53061,Other
5541001,55079a,"Milwaukee, WI",5553000,Principal city
5541002,55079a,"Milwaukee, WI",5553000,Principal city
5541003,55079a,"Milwaukee, WI",5553000,Principal city
5541004,55079a,"Milwaukee, WI",5553000,Principal city
5541005,55079a,"Milwaukee, WI",5553000,Principal city
0600101,6001c,"Alameda County, CA",06001,Other
0600102,6001c,"Alameda County, CA",06001,Other
0600103,6001c,"Alameda County, CA",06001,Other
0600104,6001c,"Alameda County, CA",06001,Other
0600105,6001c,"Alameda County, CA",06001,Other
0600106,6001c,"Alameda County, CA",06001,Other
0600107,6001c,"Alameda County, CA",06001,Other
0600108,6001c,"Alameda County, CA",06001,Other
0600109,6001c,"Alameda County, CA",06001,Other
0600110,6001c,"Alameda County, CA",06001,Other
0601301,6013c,"Contra Costa County, CA",06013,Other
0601302,6013c,"Contra Costa County, CA",06013,Other
0601303,6013c,"Contra Costa County, CA",06013,Other
0601304,6013c,"Contra Costa County, CA",06013,Other
0601305,6013c,"Contra Costa County, CA",06013,Other
0601306,6013c,"Contra Costa County, CA",06013,Other
0601307,6013c,"Contra Costa County, CA",06013,Other
0601308,6013c,"Contra Costa County, CA",06013,Other
0601309,6013c,"Contra Costa County, CA",06013,Other
0601901,6019c,"Fresno County, CA",06019,Other
0601902,6019c,"Fresno County, CA",06019,Other
0601903,6019c,"Fresno County, CA",06019,Other
0601904,6019c,"Fresno County, CA",06019,Other
0601905,6019c,"Fresno County, CA",06019,Other
0601906,6019c,"Fresno County, CA",06019,Other
0601907,6019c,"Fresno County, CA",06019,Other
0602901,6029c,"Kern County, CA",06029,Other
0602902,6029c,"Kern County, CA",06029,Other
0602903,6029c,"Kern County, CA",06029,Other
0602904,6029c,"Kern County, CA",06029,Other
0602905,6029c,"Kern County, CA",06029,Other
0603705,6037a,"Los Angeles, CA",0644000,Principal city
0603706,6037a,"Los Angeles, CA",0644000,Principal city
0603707,6037a,"Los Angeles, CA",0644000,Principal city
0603708,6037a,"Los Angeles, CA",0644000,Principal city
0603721,6037a,"Los Angeles, CA",0644000,Principal city
0603722,6037a,"Los Angeles, CA",0644000,Principal city
0603723,6037a,"Los Angeles, CA",0644000,Principal city
0603724,6037a,"Los Angeles, CA",0644000,Principal city
0603725,6037a,"Los Angeles, CA",0644000,Principal city
0603727,6037a,"Los Angeles, CA",0644000,Principal city
0603729,6037a,"Los Angeles, CA",0644000,Principal city
0603730,6037a,"Los Angeles, CA",0644000,Principal city
0603732,6037a,"Los Angeles, CA",0644000,Principal city
0603733,6037a,"Los Angeles, CA",0644000,Principal city
0603734,6037a,"Los Angeles, CA",0644000,Principal city
0603735,6037a,"Los Angeles, CA",0644000,Principal city
0603744,6037a,"Los Angeles, CA",0644000,Principal city
0603745,6037a,"Los Angeles, CA",0644000,Principal city
0603746,6037a,"Los Angeles, CA",0644000,Principal city
0603747,6037a,"Los Angeles, CA",0644000,Principal city
0603748,6037a,"Los Angeles, CA",0644000,Principal city
0603750,6037a,"Los Angeles, CA",0644000,Principal city
0603751,6037a,"Los Angeles, CA",0644000,Principal city
0603767,6037a,"Los Angeles, CA",0644000,Principal city
0603701,6037b,"Los Angeles County (excluding Los Angeles city), CA",06037,County remainder
0603702,6037b,"Los Angeles County (excluding Los Angeles city), CA",06037,County remainder
0603703,6037b,"Los Angeles County (excluding Los Angeles city), CA",06037,County remainder
0603704,6037b,"Los Angeles County (excluding Los Angeles city), CA",06037,County remainder
0603709,6037b,"Los Angeles County (excluding Los Angeles city), CA",06037,County remainder
0603710,6037b,"Los Angeles County (excluding Los Angeles city), CA",06037,County remainder
0603711,6037b,"Los Angeles County (excluding Los Angeles city), CA",06037,County remainder
0603712,6037b,"Los Angeles County (excluding Los Angeles city), CA",06037,County remainder
0603713,6037b,"Los Angeles County (excluding Los Angeles city), CA",06037,County remainder
0603714,6037b,"Los Angeles County (excluding Los Angeles city), CA",06037,County remainder
0603715,6037b,"Los Angeles County (excluding Los Angeles city), CA",06037,County remainder
0603716,6037b,"Los Angeles County (excluding Los Angeles city), CA",06037,County remainder
0603717,6037b,"Los Angeles County (excluding Los Angeles city), CA",06037,County remainder
0603718,6037b,"Los Angeles County (excluding Los Angeles city), CA",06037,County remainder
0603719,6037b,"Los Angeles County (excluding Los Angeles city), CA",06037,County remainder
0603720,6037b,"Los Angeles County (excluding Los Angeles city), CA",06037,County remainder
0603726,6037b,"Los Angeles County (excluding Los Angeles city), CA",06037,County remainder
0603728,6037b,"Los Angeles County (excluding Los Angeles city), CA",06037,County remainder
0603731,6037b,"Los Angeles County (excluding Los Angeles city), CA",06037,County remainder
0603736,6037b,"Los Angeles County (excluding Los Angeles city), CA",06037,County remainder
0603737,6037b,"Los Angeles County (excluding Los Angeles city), CA",06037,County remainder
0603738,6037b,"Los Angeles County (excluding Los Angeles city), CA",06037,County remainder
0603739,6037b,"Los Angeles County (excluding Los Angeles city), CA",06037,County remainder
0603740,6037b,"Los Angeles County (excluding Los Angeles city), CA",06037,County remainder
0603741,6037b,"Los Angeles County (excluding Los Angeles city), CA",06037,County remainder
0603742,6037b,"Los Angeles County (excluding Los Angeles city), CA",06037,County remainder
0603743,6037b,"Los Angeles County (excluding Los Angeles city), CA",06037,County remainder
0603749,6037b,"Los Angeles County (excluding Los Angeles city), CA",06037,County remainder
0603752,6037b,"Los Angeles County (excluding Los Angeles city), CA",06037,County remainder
0603753,6037b,"Los Angeles County (excluding Los Angeles city), CA",06037,County remainder
0603754,6037b,"Los Angeles County (excluding Los Angeles city), CA",06037,County remainder
0603755,6037b,"Los Angeles County (excluding Los Angeles city), CA",06037,County remainder
0603756,6037b,"Los Angeles County (excluding Los Angeles city), CA",06037,County remainder
0603757,6037b,"Los Angeles County (excluding Los Angeles city), CA",06037,County remainder
0603758,6037b,"Los Angeles County (excluding Los Angeles city), CA",06037,County remainder
0603759,6037b,"Los Angeles County (excluding Los Angeles city), CA",06037,County remainder
0603760,6037b,"Los Angeles County (excluding Los Angeles city), CA",06037,County remainder
0603761,6037b,"Los Angeles County (excluding Los Angeles city), CA",06037,County remainder
0603762,6037b,"Los Angeles County (excluding Los Angeles city), CA",06037,County remainder
0603763,6037b,"Los Angeles County (excluding Los Angeles city), CA",06037,County remainder
0603764,6037b,"Los Angeles County (excluding Los Angeles city), CA",06037,County remainder
0603765,6037b,"Los Angeles County (excluding Los Angeles city), CA",06037,County remainder
0603766,6037b,"Los Angeles County (excluding Los Angeles city), CA",06037,County remainder
0603768,6037b,"Los Angeles County (excluding Los Angeles city), CA",06037,County remainder
0603769,6037b,"Los Angeles County (excluding Los Angeles city), CA",06037,County remainder
0605901,6059c,"Orange County, CA",06059,Other
0605902,6059c,"Orange County, CA",06059,Other
0605903,6059c,"Orange County, CA",06059,Other
0605904,6059c,"Orange County, CA",06059,Other
0605905,6059c,"Orange County, CA",06059,Other
0605906,6059c,"Orange County, CA",06059,Other
0605907,6059c,"Orange County, CA",06059,Other
0605908,6059c,"Orange County, CA",06059,Other
0605909,6059c,"Orange County, CA",06059,Other
0605910,6059c,"Orange County, CA",06059,Other
0605911,6059c,"Orange County, CA",06059,Other
0605912,6059c,"Orange County, CA",06059,Other
0605913,6059c,"Orange County, CA",06059,Other
0605914,6059c,"Orange County, CA",06059,Other
0605915,6059c,"Orange County, CA",06059,Other
0605916,6059c,"Orange County, CA",06059,Other
0605917,6059c,"Orange County, CA",06059,Other
0605918,6059c,"Orange County, CA",06059,Other
0606501,6065c,"Riverside County, CA",06065,Other
0606502,6065c,"Riverside County, CA",06065,Other
0606503,6065c,"Riverside County, CA",06065,Other
0606504,6065c,"Riverside County, CA",06065,Other
0606505,6065c,"Riverside County, CA",06065,Other
0606506,6065c,"Riverside County, CA",06065,Other
0606507,6065c,"Riverside County, CA",06065,Other
0606508,6065c,"Riverside County, CA",06065,Other
0606509,6065c,"Riverside County, CA",06065,Other
0606510,6065c,"Riverside County, CA",06065,Other
0606511,6065c,"Riverside County, CA",06065,Other
0606512,6065c,"Riverside County, CA",06065,Other
0606513,6065c,"Riverside County, CA",06065,Other
0606514,6065c,"Riverside County, CA",06065,Other
0606515,6065c,"Riverside County, CA",06065,Other
0606701,6067c,"Sacramento County, CA",06067,Other
0606702,6067c,"Sacramento County, CA",06067,Other
0606703,6067c,"Sacramento County, CA",06067,Other
0606704,6067c,"Sacramento County, CA",06067,Other
0606705,6067c,"Sacramento County, CA",06067,Other
0606706,6067c,"Sacramento County, CA",06067,Other
0606707,6067c,"Sacramento County, CA",06067,Other
0606708,6067c,"Sacramento County, CA",06067,Other
0606709,6067c,"Sacramento County, CA",06067,Other
0606710,6067c,"Sacramento County, CA",06067,Other
0606711,6067c,"Sacramento County, CA",06067,Other
0606712,6067c,"Sacramento County, CA",06067,Other
0607101,6071c,"San Bernardino County, CA",06071,Other
0607102,6071c,"San Bernardino County, CA",06071,Other
0607103,6071c,"San Bernardino County, CA",06071,Other
0607104,6071c,"San Bernardino County, CA",06071,Other
0607105,6071c,"San Bernardino County, CA",06071,Other
0607106,6071c,"San Bernardino County, CA",06071,Other
0607107,6071c,"San Bernardino County, CA",06071,Other
0607108,6071c,"San Bernardino County, CA",06071,Other
0607109,6071c,"San Bernardino County, CA",06071,Other
0607110,6071c,"San Bernardino County, CA",06071,Other
0607111,6071c,"San Bernardino County, CA",06071,Other
0607112,6071c,"San Bernardino County, CA",06071,Other
0607113,6071c,"San Bernardino County, CA",06071,Other
0607114,6071c,"San Bernardino County, CA",06071,Other
0607115,6071c,"San Bernardino County, CA",06071,Other
0607301,6073c,"San Diego County, CA",06073,County remainder
0607302,6073c,"San Diego County, CA",06073,County remainder
0607303,6073c,"San Diego County, CA",06073,County remainder
0607304,6073c,"San Diego County, CA",06073,County remainder
0607305,6073c,"San Diego County, CA",06073,County remainder
0607306,6073c,"San Diego County, CA",06073,County remainder
0607307,6073c,"San Diego County, CA",06073,County remainder
0607308,6073c,"San Diego County, CA",06073,Principal city
0607309,6073c,"San Diego County, CA",06073,County remainder
0607310,6073c,"San Diego County, CA",06073,Principal city
0607311,6073c,"San Diego County, CA",06073,Principal city
0607312,6073c,"San Diego County, CA",06073,Principal city
0607313,6073c,"San Diego County, CA",06073,County remainder
0607314,6073c,"San Diego County, CA",06073,Principal city
0607315,6073c,"San Diego County, CA",06073,Principal city
0607316,6073c,"San Diego County, CA",06073,Principal city
0607317,6073c,"San Diego County, CA",06073,Principal city
0607318,6073c,"San Diego County, CA",06073,Principal city
0607319,6073c,"San Diego County, CA",06073,County remainder
0607320,6073c,"San Diego County, CA",06073,County remainder
0607321,6073c,"San Diego County, CA",06073,County remainder
0607322,6073c,"San Diego County, CA",06073,Principal city
0607501,6075a,"San Francisco, CA",0667000,Principal city
0607502,6075a,"San Francisco, CA",0667000,Principal city
0607503,6075a,"San Francisco, CA",0667000,Principal city
0607504,6075a,"San Francisco, CA",0667000,Principal city
0607505,6075a,"San Francisco, CA",0667000,Principal city
0607506,6075a,"San Francisco, CA",0667000,Principal city
0607507,6075a,"San Francisco, CA",0667000,Principal city
0607701,6077c,"San Joaquin County, CA",06077,Other
0607702,6077c,"San Joaquin County, CA",06077,Other
0607703,6077c,"San Joaquin County, CA",06077,Other
0607704,6077c,"San Joaquin County, CA",06077,Other
0608101,6081c,"San Mateo County, CA",06081,Other
0608102,6081c,"San Mateo County, CA",06081,Other
0608103,6081c,"San Mateo County, CA",06081,Other
0608104,6081c,"San Mateo County, CA",06081,Other
0608105,6081c,"San Mateo County, CA",06081,Other
0608106,6081c,"San Mateo County, CA",06081,Other
0608501,6085c,"Santa Clara County, CA",06085,County remainder
0608502,6085c,"Santa Clara County, CA",06085,County remainder
0608503,6085c,"Santa Clara County, CA",06085,County remainder
0608504,6085c,"Santa Clara County, CA",06085,County remainder
0608505,6085c,"Santa Clara County, CA",06085,Principal city
0608506,6085c,"Santa Clara County, CA",06085,County remainder
0608507,6085c,"Santa Clara County, CA",06085,County remainder
0608508,6085c,"Santa Clara County, CA",06085,Principal city
0608509,6085c,"Santa Clara County, CA",06085,Principal city
0608510,6085c,"Santa Clara County, CA",06085,Principal city
0608511,6085c,"Santa Clara County, CA",06085,Principal city
0608512,6085c,"Santa Clara County, CA",06085,Principal city
0608513,6085c,"Santa Clara County, CA",06085,Principal city
0608514,6085c,"Santa Clara County, CA",06085,Principal city
0609901,6099c,"Stanislaus County, CA",06099,Other
0609902,6099c,"Stanislaus County, CA",06099,Other
0609903,6099c,"Stanislaus County, CA",06099,Other
0609904,6099c,"Stanislaus County, CA",06099,Other
0611101,6111c,"Ventura County, CA",06111,Other
0611102,6111c,"Ventura County, CA",06111,Other
0611103,6111c,"Ventura County, CA",06111,Other
0611104,6111c,"Ventura County, CA",06111,Other
0611105,6111c,"Ventura County, CA",06111,Other
0611106,6111c,"Ventura County, CA",06111,Other
0800812,8031a,"Denver, CO",0820000,Principal city
0800813,8031a,"Denver, CO",0820000,Principal city
0800814,8031a,"Denver, CO",0820000,Principal city
0800815,8031a,"Denver, CO",0820000,Principal city
0800816,8031a,"Denver, CO",0820000,Principal city
0804101,8041c,"El Paso County, CO",08041,Other
0804102,8041c,"El Paso County, CO",08041,Other
0804103,8041c,"El Paso County, CO",08041,Other
0804104,8041c,"El Paso County, CO",08041,Other
0804105,8041c,"El Paso County, CO",08041,Other
0804106,8041c,"El Paso County, CO",08041,Other
0900100,9001c,"Fairfield County, CT",09001,Other
0900101,9001c,"Fairfield County, CT",09001,Other
0900102,9001c,"Fairfield County, CT",09001,Other
0900103,9001c,"Fairfield County, CT",09001,Other
0900104,9001c,"Fairfield County, CT",09001,Other
0900105,9001c,"Fairfield County, CT",09001,Other
0900300,9003c,"Hartford County, CT",09003,Other
0900301,9003c,"Hartford County, CT",09003,Other
0900302,9003c,"Hartford County, CT",09003,Other
0900303,9003c,"Hartford County, CT",09003,Other
0900304,9003c,"Hartford County, CT",09003,Other
0900305,9003c,"Hartford County, CT",09003,Other
0900306,9003c,"Hartford County, CT",09003,Other
0900900,9009c,"New Haven County, CT",09009,Other
0900901,9009c,"New Haven County, CT",09009,Other
0900902,9009c,"New Haven County, CT",09009,Other
0900903,9009c,"New Haven County, CT",09009,Other
0900904,9009c,"New Haven County, CT",09009,Other
0900905,9009c,"New Haven County, CT",09009,Other
0900906,9009c,"New Haven County, CT",09009,Other
